entity_id,state,last_changed
sensor.plug_sg3_wk_trockner_wk_trockner_leistung,0.0,2026-05-26T07:00:00.000Z
sensor.plug_sg3_wk_trockner_wk_trockner_leistung,63.5,2026-05-27T08:33:28.344Z
sensor.plug_sg3_wk_trockner_wk_trockner_leistung,2031.7,2026-05-27T08:33:29.375Z
sensor.plug_sg3_wk_trockner_wk_trockner_leistung,1992.4,2026-05-27T08:33:59.996Z
sensor.plug_sg3_wk_trockner_wk_trockner_leistung,1969.5,2026-05-27T08:34:59.993Z
sensor.plug_sg3_wk_trockner_wk_trockner_leistung,1961.4,2026-05-27T08:35:59.994Z
sensor.plug_sg3_wk_trockner_wk_trockner_leistung,1963.5,2026-05-27T08:37:00.048Z
sensor.plug_sg3_wk_trockner_wk_trockner_leistung,1980.0,2026-05-27T08:38:00.046Z
sensor.plug_sg3_wk_trockner_wk_trockner_leistung,1965.4,2026-05-27T08:39:00.047Z
sensor.plug_sg3_wk_trockner_wk_trockner_leistung,219.6,2026-05-27T08:39:49.686Z
sensor.plug_sg3_wk_trockner_wk_trockner_leistung,179.9,2026-05-27T08:39:50.714Z
sensor.plug_sg3_wk_trockner_wk_trockner_leistung,180.0,2026-05-27T08:41:00.041Z
sensor.plug_sg3_wk_trockner_wk_trockner_leistung,241.2,2026-05-27T08:41:29.387Z
sensor.plug_sg3_wk_trockner_wk_trockner_leistung,2011.4,2026-05-27T08:41:30.414Z
sensor.plug_sg3_wk_trockner_wk_trockner_leistung,1999.6,2026-05-27T08:42:00.040Z
sensor.plug_sg3_wk_trockner_wk_trockner_leistung,1985.6,2026-05-27T08:43:00.040Z
sensor.plug_sg3_wk_trockner_wk_trockner_leistung,1989.2,2026-05-27T08:44:00.037Z
sensor.plug_sg3_wk_trockner_wk_trockner_leistung,1995.7,2026-05-27T08:45:00.036Z
sensor.plug_sg3_wk_trockner_wk_trockner_leistung,797.6,2026-05-27T08:45:27.840Z
sensor.plug_sg3_wk_trockner_wk_trockner_leistung,184.0,2026-05-27T08:45:28.868Z
sensor.plug_sg3_wk_trockner_wk_trockner_leistung,184.8,2026-05-27T08:46:00.032Z
sensor.plug_sg3_wk_trockner_wk_trockner_leistung,185.2,2026-05-27T08:47:00.030Z
sensor.plug_sg3_wk_trockner_wk_trockner_leistung,528.8,2026-05-27T08:47:12.679Z
sensor.plug_sg3_wk_trockner_wk_trockner_leistung,2032.1,2026-05-27T08:47:13.707Z
sensor.plug_sg3_wk_trockner_wk_trockner_leistung,2018.0,2026-05-27T08:48:00.030Z
sensor.plug_sg3_wk_trockner_wk_trockner_leistung,2010.7,2026-05-27T08:49:00.026Z
sensor.plug_sg3_wk_trockner_wk_trockner_leistung,2011.0,2026-05-27T08:50:00.025Z
sensor.plug_sg3_wk_trockner_wk_trockner_leistung,1930.5,2026-05-27T08:50:55.708Z
sensor.plug_sg3_wk_trockner_wk_trockner_leistung,320.6,2026-05-27T08:50:56.745Z
sensor.plug_sg3_wk_trockner_wk_trockner_leistung,186.3,2026-05-27T08:50:57.773Z
sensor.plug_sg3_wk_trockner_wk_trockner_leistung,186.7,2026-05-27T08:51:00.024Z
sensor.plug_sg3_wk_trockner_wk_trockner_leistung,188.1,2026-05-27T08:52:00.023Z
sensor.plug_sg3_wk_trockner_wk_trockner_leistung,973.3,2026-05-27T08:52:45.698Z
sensor.plug_sg3_wk_trockner_wk_trockner_leistung,2034.1,2026-05-27T08:52:46.727Z
sensor.plug_sg3_wk_trockner_wk_trockner_leistung,2040.0,2026-05-27T08:53:00.019Z
sensor.plug_sg3_wk_trockner_wk_trockner_leistung,2012.9,2026-05-27T08:54:00.019Z
sensor.plug_sg3_wk_trockner_wk_trockner_leistung,1996.9,2026-05-27T08:55:00.017Z
sensor.plug_sg3_wk_trockner_wk_trockner_leistung,2009.4,2026-05-27T08:56:00.013Z
sensor.plug_sg3_wk_trockner_wk_trockner_leistung,884.6,2026-05-27T08:56:23.605Z
sensor.plug_sg3_wk_trockner_wk_trockner_leistung,189.0,2026-05-27T08:56:24.634Z
sensor.plug_sg3_wk_trockner_wk_trockner_leistung,188.3,2026-05-27T08:57:00.011Z
sensor.plug_sg3_wk_trockner_wk_trockner_leistung,188.0,2026-05-27T08:58:00.008Z
sensor.plug_sg3_wk_trockner_wk_trockner_leistung,395.5,2026-05-27T08:58:17.701Z
sensor.plug_sg3_wk_trockner_wk_trockner_leistung,2027.8,2026-05-27T08:58:18.729Z
sensor.plug_sg3_wk_trockner_wk_trockner_leistung,2009.0,2026-05-27T08:59:00.006Z
sensor.plug_sg3_wk_trockner_wk_trockner_leistung,2006.0,2026-05-27T09:00:00.007Z
sensor.plug_sg3_wk_trockner_wk_trockner_leistung,1993.3,2026-05-27T09:01:00.003Z
sensor.plug_sg3_wk_trockner_wk_trockner_leistung,196.9,2026-05-27T09:01:56.639Z
sensor.plug_sg3_wk_trockner_wk_trockner_leistung,189.3,2026-05-27T09:02:00.004Z
sensor.plug_sg3_wk_trockner_wk_trockner_leistung,187.0,2026-05-27T09:02:21.301Z
sensor.plug_sg3_wk_trockner_wk_trockner_leistung,188.2,2026-05-27T09:03:00.002Z
sensor.plug_sg3_wk_trockner_wk_trockner_leistung,1340.5,2026-05-27T09:03:50.737Z
sensor.plug_sg3_wk_trockner_wk_trockner_leistung,2013.1,2026-05-27T09:03:51.761Z
sensor.plug_sg3_wk_trockner_wk_trockner_leistung,2012.0,2026-05-27T09:03:59.998Z
sensor.plug_sg3_wk_trockner_wk_trockner_leistung,2002.7,2026-05-27T09:04:59.998Z
sensor.plug_sg3_wk_trockner_wk_trockner_leistung,1997.4,2026-05-27T09:05:59.997Z
sensor.plug_sg3_wk_trockner_wk_trockner_leistung,1999.7,2026-05-27T09:06:59.992Z
sensor.plug_sg3_wk_trockner_wk_trockner_leistung,236.7,2026-05-27T09:07:27.647Z
sensor.plug_sg3_wk_trockner_wk_trockner_leistung,187.0,2026-05-27T09:07:28.674Z
sensor.plug_sg3_wk_trockner_wk_trockner_leistung,188.3,2026-05-27T09:08:00.047Z
sensor.plug_sg3_wk_trockner_wk_trockner_leistung,189.7,2026-05-27T09:09:00.045Z
sensor.plug_sg3_wk_trockner_wk_trockner_leistung,1981.1,2026-05-27T09:09:27.905Z
sensor.plug_sg3_wk_trockner_wk_trockner_leistung,2025.1,2026-05-27T09:10:00.045Z
sensor.plug_sg3_wk_trockner_wk_trockner_leistung,2003.6,2026-05-27T09:11:00.039Z
sensor.plug_sg3_wk_trockner_wk_trockner_leistung,2023.3,2026-05-27T09:12:00.039Z
sensor.plug_sg3_wk_trockner_wk_trockner_leistung,1383.5,2026-05-27T09:12:18.564Z
sensor.plug_sg3_wk_trockner_wk_trockner_leistung,205.6,2026-05-27T09:12:19.590Z
sensor.plug_sg3_wk_trockner_wk_trockner_leistung,191.9,2026-05-27T09:12:20.618Z
sensor.plug_sg3_wk_trockner_wk_trockner_leistung,191.6,2026-05-27T09:13:00.038Z
sensor.plug_sg3_wk_trockner_wk_trockner_leistung,193.2,2026-05-27T09:14:00.036Z
sensor.plug_sg3_wk_trockner_wk_trockner_leistung,193.0,2026-05-27T09:15:00.031Z
sensor.plug_sg3_wk_trockner_wk_trockner_leistung,51.9,2026-05-27T09:15:18.442Z
sensor.plug_sg3_wk_trockner_wk_trockner_leistung,0.0,2026-05-27T09:15:19.470Z
sensor.plug_sg3_wk_trockner_wk_trockner_leistung,250.5,2026-05-27T09:20:17.546Z
sensor.plug_sg3_wk_trockner_wk_trockner_leistung,187.3,2026-05-27T09:20:18.576Z
sensor.plug_sg3_wk_trockner_wk_trockner_leistung,55.7,2026-05-27T09:20:23.714Z
sensor.plug_sg3_wk_trockner_wk_trockner_leistung,0.0,2026-05-27T09:20:24.743Z
sensor.plug_sg3_wk_trockner_wk_trockner_leistung,104.6,2026-05-27T09:30:14.705Z
sensor.plug_sg3_wk_trockner_wk_trockner_leistung,184.7,2026-05-27T09:30:15.733Z
sensor.plug_sg3_wk_trockner_wk_trockner_leistung,81.2,2026-05-27T09:30:20.873Z
sensor.plug_sg3_wk_trockner_wk_trockner_leistung,0.0,2026-05-27T09:30:21.900Z
sensor.plug_sg3_wk_trockner_wk_trockner_leistung,210.2,2026-05-27T09:40:12.910Z
sensor.plug_sg3_wk_trockner_wk_trockner_leistung,182.7,2026-05-27T09:40:13.938Z
sensor.plug_sg3_wk_trockner_wk_trockner_leistung,26.4,2026-05-27T09:40:19.077Z
sensor.plug_sg3_wk_trockner_wk_trockner_leistung,0.0,2026-05-27T09:40:20.102Z
sensor.plug_sg3_wk_trockner_wk_trockner_leistung,36.3,2026-05-27T13:44:41.787Z
sensor.plug_sg3_wk_trockner_wk_trockner_leistung,2024.4,2026-05-27T13:44:42.817Z
sensor.plug_sg3_wk_trockner_wk_trockner_leistung,2023.0,2026-05-27T13:45:00.015Z
sensor.plug_sg3_wk_trockner_wk_trockner_leistung,2004.8,2026-05-27T13:46:00.014Z
sensor.plug_sg3_wk_trockner_wk_trockner_leistung,1987.0,2026-05-27T13:47:00.011Z
sensor.plug_sg3_wk_trockner_wk_trockner_leistung,1984.5,2026-05-27T13:48:00.008Z
sensor.plug_sg3_wk_trockner_wk_trockner_leistung,1983.7,2026-05-27T13:49:00.009Z
sensor.plug_sg3_wk_trockner_wk_trockner_leistung,1981.4,2026-05-27T13:50:00.008Z
sensor.plug_sg3_wk_trockner_wk_trockner_leistung,1986.7,2026-05-27T13:51:00.006Z
sensor.plug_sg3_wk_trockner_wk_trockner_leistung,1572.6,2026-05-27T13:51:43.223Z
sensor.plug_sg3_wk_trockner_wk_trockner_leistung,180.7,2026-05-27T13:51:44.249Z
sensor.plug_sg3_wk_trockner_wk_trockner_leistung,180.2,2026-05-27T13:52:00.005Z
sensor.plug_sg3_wk_trockner_wk_trockner_leistung,183.0,2026-05-27T13:52:59.999Z
sensor.plug_sg3_wk_trockner_wk_trockner_leistung,882.6,2026-05-27T13:53:14.696Z
sensor.plug_sg3_wk_trockner_wk_trockner_leistung,2004.5,2026-05-27T13:53:15.726Z
sensor.plug_sg3_wk_trockner_wk_trockner_leistung,2006.5,2026-05-27T13:53:59.998Z
sensor.plug_sg3_wk_trockner_wk_trockner_leistung,1993.4,2026-05-27T13:54:59.999Z
sensor.plug_sg3_wk_trockner_wk_trockner_leistung,2004.3,2026-05-27T13:55:59.998Z
sensor.plug_sg3_wk_trockner_wk_trockner_leistung,2002.1,2026-05-27T13:56:59.994Z
sensor.plug_sg3_wk_trockner_wk_trockner_leistung,184.5,2026-05-27T13:57:28.576Z
sensor.plug_sg3_wk_trockner_wk_trockner_leistung,185.4,2026-05-27T13:57:59.992Z
sensor.plug_sg3_wk_trockner_wk_trockner_leistung,186.8,2026-05-27T13:59:00.052Z
sensor.plug_sg3_wk_trockner_wk_trockner_leistung,2035.4,2026-05-27T13:59:10.350Z
sensor.plug_sg3_wk_trockner_wk_trockner_leistung,2023.6,2026-05-27T14:00:00.055Z
sensor.plug_sg3_wk_trockner_wk_trockner_leistung,2012.2,2026-05-27T14:01:00.051Z
sensor.plug_sg3_wk_trockner_wk_trockner_leistung,2008.9,2026-05-27T14:02:00.050Z
sensor.plug_sg3_wk_trockner_wk_trockner_leistung,915.1,2026-05-27T14:02:53.394Z
sensor.plug_sg3_wk_trockner_wk_trockner_leistung,185.8,2026-05-27T14:02:54.422Z
sensor.plug_sg3_wk_trockner_wk_trockner_leistung,186.3,2026-05-27T14:03:00.044Z
sensor.plug_sg3_wk_trockner_wk_trockner_leistung,186.9,2026-05-27T14:04:00.044Z
sensor.plug_sg3_wk_trockner_wk_trockner_leistung,879.6,2026-05-27T14:04:47.493Z
sensor.plug_sg3_wk_trockner_wk_trockner_leistung,2022.9,2026-05-27T14:04:48.523Z
sensor.plug_sg3_wk_trockner_wk_trockner_leistung,2027.3,2026-05-27T14:05:00.043Z
sensor.plug_sg3_wk_trockner_wk_trockner_leistung,2011.9,2026-05-27T14:06:00.041Z
sensor.plug_sg3_wk_trockner_wk_trockner_leistung,2006.6,2026-05-27T14:07:00.037Z
sensor.plug_sg3_wk_trockner_wk_trockner_leistung,2005.6,2026-05-27T14:08:00.035Z
sensor.plug_sg3_wk_trockner_wk_trockner_leistung,1677.2,2026-05-27T14:08:22.314Z
sensor.plug_sg3_wk_trockner_wk_trockner_leistung,230.4,2026-05-27T14:08:23.344Z
sensor.plug_sg3_wk_trockner_wk_trockner_leistung,188.8,2026-05-27T14:08:24.370Z
sensor.plug_sg3_wk_trockner_wk_trockner_leistung,188.1,2026-05-27T14:09:00.034Z
sensor.plug_sg3_wk_trockner_wk_trockner_leistung,191.1,2026-05-27T14:10:00.030Z
sensor.plug_sg3_wk_trockner_wk_trockner_leistung,190.9,2026-05-27T14:11:00.030Z
sensor.plug_sg3_wk_trockner_wk_trockner_leistung,157.5,2026-05-27T14:11:34.527Z
sensor.plug_sg3_wk_trockner_wk_trockner_leistung,4.8,2026-05-27T14:11:35.555Z
sensor.plug_sg3_wk_trockner_wk_trockner_leistung,0.0,2026-05-27T14:11:36.582Z
sensor.plug_sg3_wk_trockner_wk_trockner_leistung,311.3,2026-05-27T14:16:34.652Z
sensor.plug_sg3_wk_trockner_wk_trockner_leistung,183.0,2026-05-27T14:16:35.682Z
sensor.plug_sg3_wk_trockner_wk_trockner_leistung,152.6,2026-05-27T14:16:39.794Z
sensor.plug_sg3_wk_trockner_wk_trockner_leistung,4.9,2026-05-27T14:16:40.823Z
sensor.plug_sg3_wk_trockner_wk_trockner_leistung,0.0,2026-05-27T14:16:41.850Z
sensor.plug_sg3_wk_trockner_wk_trockner_leistung,284.8,2026-05-27T14:26:31.814Z
sensor.plug_sg3_wk_trockner_wk_trockner_leistung,192.0,2026-05-27T14:26:32.842Z
sensor.plug_sg3_wk_trockner_wk_trockner_leistung,180.5,2026-05-27T14:26:33.871Z
sensor.plug_sg3_wk_trockner_wk_trockner_leistung,11.1,2026-05-27T14:26:37.983Z
sensor.plug_sg3_wk_trockner_wk_trockner_leistung,0.0,2026-05-27T14:26:39.011Z
sensor.plug_sg3_wk_trockner_wk_trockner_leistung,63.6,2026-05-27T14:36:28.969Z
sensor.plug_sg3_wk_trockner_wk_trockner_leistung,316.3,2026-05-27T14:36:29.993Z
sensor.plug_sg3_wk_trockner_wk_trockner_leistung,178.9,2026-05-27T14:36:31.024Z
sensor.plug_sg3_wk_trockner_wk_trockner_leistung,95.6,2026-05-27T14:36:35.133Z
sensor.plug_sg3_wk_trockner_wk_trockner_leistung,0.0,2026-05-27T14:36:36.161Z
sensor.plug_sg3_wk_trockner_wk_trockner_leistung,43.7,2026-05-27T14:55:25.752Z
sensor.plug_sg3_wk_trockner_wk_trockner_leistung,364.4,2026-05-27T14:55:26.778Z
sensor.plug_sg3_wk_trockner_wk_trockner_leistung,190.1,2026-05-27T14:55:27.807Z
sensor.plug_sg3_wk_trockner_wk_trockner_leistung,186.8,2026-05-27T14:56:00.009Z
sensor.plug_sg3_wk_trockner_wk_trockner_leistung,186.6,2026-05-27T14:57:00.008Z
sensor.plug_sg3_wk_trockner_wk_trockner_leistung,189.1,2026-05-27T14:58:00.007Z
sensor.plug_sg3_wk_trockner_wk_trockner_leistung,191.2,2026-05-27T14:59:00.056Z
sensor.plug_sg3_wk_trockner_wk_trockner_leistung,189.9,2026-05-27T15:00:00.055Z
sensor.plug_sg3_wk_trockner_wk_trockner_leistung,189.2,2026-05-27T15:01:00.050Z
sensor.plug_sg3_wk_trockner_wk_trockner_leistung,188.9,2026-05-27T15:02:00.049Z
sensor.plug_sg3_wk_trockner_wk_trockner_leistung,192.6,2026-05-27T15:03:00.046Z
sensor.plug_sg3_wk_trockner_wk_trockner_leistung,193.3,2026-05-27T15:04:00.045Z
sensor.plug_sg3_wk_trockner_wk_trockner_leistung,192.5,2026-05-27T15:05:00.046Z
sensor.plug_sg3_wk_trockner_wk_trockner_leistung,1416.8,2026-05-27T15:05:23.964Z
sensor.plug_sg3_wk_trockner_wk_trockner_leistung,2039.2,2026-05-27T15:05:24.989Z
sensor.plug_sg3_wk_trockner_wk_trockner_leistung,2036.4,2026-05-27T15:06:00.039Z
sensor.plug_sg3_wk_trockner_wk_trockner_leistung,2014.4,2026-05-27T15:07:00.038Z
sensor.plug_sg3_wk_trockner_wk_trockner_leistung,2004.2,2026-05-27T15:08:00.039Z
sensor.plug_sg3_wk_trockner_wk_trockner_leistung,2000.2,2026-05-27T15:09:00.034Z
sensor.plug_sg3_wk_trockner_wk_trockner_leistung,1997.9,2026-05-27T15:10:00.037Z
sensor.plug_sg3_wk_trockner_wk_trockner_leistung,2007.1,2026-05-27T15:11:00.034Z
sensor.plug_sg3_wk_trockner_wk_trockner_leistung,2006.8,2026-05-27T15:12:00.030Z
sensor.plug_sg3_wk_trockner_wk_trockner_leistung,2007.8,2026-05-27T15:13:00.026Z
sensor.plug_sg3_wk_trockner_wk_trockner_leistung,690.4,2026-05-27T15:13:01.373Z
sensor.plug_sg3_wk_trockner_wk_trockner_leistung,192.9,2026-05-27T15:13:02.391Z
sensor.plug_sg3_wk_trockner_wk_trockner_leistung,194.2,2026-05-27T15:14:00.028Z
sensor.plug_sg3_wk_trockner_wk_trockner_leistung,786.4,2026-05-27T15:14:26.674Z
sensor.plug_sg3_wk_trockner_wk_trockner_leistung,2015.4,2026-05-27T15:14:27.703Z
sensor.plug_sg3_wk_trockner_wk_trockner_leistung,1999.8,2026-05-27T15:15:00.023Z
sensor.plug_sg3_wk_trockner_wk_trockner_leistung,1974.3,2026-05-27T15:16:00.021Z
sensor.plug_sg3_wk_trockner_wk_trockner_leistung,1969.6,2026-05-27T15:17:00.022Z
sensor.plug_sg3_wk_trockner_wk_trockner_leistung,1975.6,2026-05-27T15:18:00.020Z
sensor.plug_sg3_wk_trockner_wk_trockner_leistung,1995.0,2026-05-27T15:19:00.016Z
sensor.plug_sg3_wk_trockner_wk_trockner_leistung,237.9,2026-05-27T15:19:29.889Z
sensor.plug_sg3_wk_trockner_wk_trockner_leistung,192.2,2026-05-27T15:19:30.918Z
sensor.plug_sg3_wk_trockner_wk_trockner_leistung,191.9,2026-05-27T15:20:00.013Z
sensor.plug_sg3_wk_trockner_wk_trockner_leistung,1446.2,2026-05-27T15:20:59.314Z
sensor.plug_sg3_wk_trockner_wk_trockner_leistung,2045.2,2026-05-27T15:21:00.344Z
sensor.plug_sg3_wk_trockner_wk_trockner_leistung,2030.6,2026-05-27T15:22:00.011Z
sensor.plug_sg3_wk_trockner_wk_trockner_leistung,2013.8,2026-05-27T15:23:00.008Z
sensor.plug_sg3_wk_trockner_wk_trockner_leistung,2011.7,2026-05-27T15:24:00.009Z
sensor.plug_sg3_wk_trockner_wk_trockner_leistung,2001.1,2026-05-27T15:25:00.007Z
sensor.plug_sg3_wk_trockner_wk_trockner_leistung,1880.9,2026-05-27T15:25:33.756Z
sensor.plug_sg3_wk_trockner_wk_trockner_leistung,292.7,2026-05-27T15:25:34.782Z
sensor.plug_sg3_wk_trockner_wk_trockner_leistung,190.0,2026-05-27T15:25:35.810Z
sensor.plug_sg3_wk_trockner_wk_trockner_leistung,189.5,2026-05-27T15:26:00.004Z
sensor.plug_sg3_wk_trockner_wk_trockner_leistung,193.6,2026-05-27T15:27:00.002Z
sensor.plug_sg3_wk_trockner_wk_trockner_leistung,906.7,2026-05-27T15:27:06.266Z
sensor.plug_sg3_wk_trockner_wk_trockner_leistung,2020.3,2026-05-27T15:27:07.295Z
sensor.plug_sg3_wk_trockner_wk_trockner_leistung,2007.9,2026-05-27T15:28:00.000Z
sensor.plug_sg3_wk_trockner_wk_trockner_leistung,2012.1,2026-05-27T15:28:59.999Z
sensor.plug_sg3_wk_trockner_wk_trockner_leistung,2011.0,2026-05-27T15:30:00.048Z
sensor.plug_sg3_wk_trockner_wk_trockner_leistung,2014.5,2026-05-27T15:31:00.046Z
sensor.plug_sg3_wk_trockner_wk_trockner_leistung,357.9,2026-05-27T15:31:34.540Z
sensor.plug_sg3_wk_trockner_wk_trockner_leistung,194.0,2026-05-27T15:31:35.569Z
sensor.plug_sg3_wk_trockner_wk_trockner_leistung,192.0,2026-05-27T15:32:00.045Z
sensor.plug_sg3_wk_trockner_wk_trockner_leistung,193.8,2026-05-27T15:33:00.042Z
sensor.plug_sg3_wk_trockner_wk_trockner_leistung,2048.4,2026-05-27T15:33:09.104Z
sensor.plug_sg3_wk_trockner_wk_trockner_leistung,2039.3,2026-05-27T15:34:00.040Z
sensor.plug_sg3_wk_trockner_wk_trockner_leistung,2024.6,2026-05-27T15:35:00.042Z
sensor.plug_sg3_wk_trockner_wk_trockner_leistung,2008.3,2026-05-27T15:36:00.036Z
sensor.plug_sg3_wk_trockner_wk_trockner_leistung,2018.3,2026-05-27T15:37:00.036Z
sensor.plug_sg3_wk_trockner_wk_trockner_leistung,342.9,2026-05-27T15:37:28.125Z
sensor.plug_sg3_wk_trockner_wk_trockner_leistung,190.9,2026-05-27T15:37:29.153Z
sensor.plug_sg3_wk_trockner_wk_trockner_leistung,190.0,2026-05-27T15:38:00.033Z
sensor.plug_sg3_wk_trockner_wk_trockner_leistung,194.7,2026-05-27T15:39:00.030Z
sensor.plug_sg3_wk_trockner_wk_trockner_leistung,1018.9,2026-05-27T15:39:04.745Z
sensor.plug_sg3_wk_trockner_wk_trockner_leistung,2042.3,2026-05-27T15:39:05.773Z
sensor.plug_sg3_wk_trockner_wk_trockner_leistung,2034.5,2026-05-27T15:40:00.028Z
sensor.plug_sg3_wk_trockner_wk_trockner_leistung,2026.8,2026-05-27T15:41:00.024Z
sensor.plug_sg3_wk_trockner_wk_trockner_leistung,2021.7,2026-05-27T15:42:00.026Z
sensor.plug_sg3_wk_trockner_wk_trockner_leistung,2020.8,2026-05-27T15:43:00.021Z
sensor.plug_sg3_wk_trockner_wk_trockner_leistung,359.3,2026-05-27T15:43:12.476Z
sensor.plug_sg3_wk_trockner_wk_trockner_leistung,192.1,2026-05-27T15:43:13.502Z
sensor.plug_sg3_wk_trockner_wk_trockner_leistung,193.1,2026-05-27T15:44:00.019Z
sensor.plug_sg3_wk_trockner_wk_trockner_leistung,544.3,2026-05-27T15:44:50.127Z
sensor.plug_sg3_wk_trockner_wk_trockner_leistung,2003.6,2026-05-27T15:44:51.157Z
sensor.plug_sg3_wk_trockner_wk_trockner_leistung,2034.9,2026-05-27T15:45:00.019Z
sensor.plug_sg3_wk_trockner_wk_trockner_leistung,2019.7,2026-05-27T15:46:00.016Z
sensor.plug_sg3_wk_trockner_wk_trockner_leistung,2017.2,2026-05-27T15:47:00.012Z
sensor.plug_sg3_wk_trockner_wk_trockner_leistung,2014.4,2026-05-27T15:48:00.012Z
sensor.plug_sg3_wk_trockner_wk_trockner_leistung,2016.4,2026-05-27T15:49:00.007Z
sensor.plug_sg3_wk_trockner_wk_trockner_leistung,1473.6,2026-05-27T15:49:01.971Z
sensor.plug_sg3_wk_trockner_wk_trockner_leistung,210.6,2026-05-27T15:49:02.997Z
sensor.plug_sg3_wk_trockner_wk_trockner_leistung,193.9,2026-05-27T15:49:04.030Z
sensor.plug_sg3_wk_trockner_wk_trockner_leistung,193.8,2026-05-27T15:50:00.003Z
sensor.plug_sg3_wk_trockner_wk_trockner_leistung,1411.1,2026-05-27T15:50:42.704Z
sensor.plug_sg3_wk_trockner_wk_trockner_leistung,2044.4,2026-05-27T15:50:43.730Z
sensor.plug_sg3_wk_trockner_wk_trockner_leistung,2037.1,2026-05-27T15:51:00.004Z
sensor.plug_sg3_wk_trockner_wk_trockner_leistung,2024.0,2026-05-27T15:51:59.998Z
sensor.plug_sg3_wk_trockner_wk_trockner_leistung,2017.0,2026-05-27T15:53:00.003Z
sensor.plug_sg3_wk_trockner_wk_trockner_leistung,2014.9,2026-05-27T15:53:59.995Z
sensor.plug_sg3_wk_trockner_wk_trockner_leistung,568.1,2026-05-27T15:54:41.172Z
sensor.plug_sg3_wk_trockner_wk_trockner_leistung,191.8,2026-05-27T15:54:42.202Z
sensor.plug_sg3_wk_trockner_wk_trockner_leistung,192.2,2026-05-27T15:54:59.999Z
sensor.plug_sg3_wk_trockner_wk_trockner_leistung,193.0,2026-05-27T15:55:59.993Z
sensor.plug_sg3_wk_trockner_wk_trockner_leistung,1937.2,2026-05-27T15:56:23.962Z
sensor.plug_sg3_wk_trockner_wk_trockner_leistung,2048.9,2026-05-27T15:56:24.982Z
sensor.plug_sg3_wk_trockner_wk_trockner_leistung,2030.6,2026-05-27T15:56:59.990Z
sensor.plug_sg3_wk_trockner_wk_trockner_leistung,2020.7,2026-05-27T15:57:59.988Z
sensor.plug_sg3_wk_trockner_wk_trockner_leistung,1979.5,2026-05-27T16:00:00.046Z
sensor.plug_sg3_wk_trockner_wk_trockner_leistung,348.0,2026-05-27T16:00:21.401Z
sensor.plug_sg3_wk_trockner_wk_trockner_leistung,187.8,2026-05-27T16:00:22.430Z
sensor.plug_sg3_wk_trockner_wk_trockner_leistung,187.2,2026-05-27T16:01:00.048Z
sensor.plug_sg3_wk_trockner_wk_trockner_leistung,187.6,2026-05-27T16:02:00.044Z
sensor.plug_sg3_wk_trockner_wk_trockner_leistung,748.6,2026-05-27T16:02:06.257Z
sensor.plug_sg3_wk_trockner_wk_trockner_leistung,811.6,2026-05-27T16:02:07.341Z
sensor.plug_sg3_wk_trockner_wk_trockner_leistung,187.8,2026-05-27T16:02:08.316Z
sensor.plug_sg3_wk_trockner_wk_trockner_leistung,185.7,2026-05-27T16:03:00.039Z
sensor.plug_sg3_wk_trockner_wk_trockner_leistung,185.3,2026-05-27T16:04:00.036Z
sensor.plug_sg3_wk_trockner_wk_trockner_leistung,184.2,2026-05-27T16:05:00.042Z
sensor.plug_sg3_wk_trockner_wk_trockner_leistung,158.7,2026-05-27T16:05:06.136Z
sensor.plug_sg3_wk_trockner_wk_trockner_leistung,5.7,2026-05-27T16:05:07.164Z
sensor.plug_sg3_wk_trockner_wk_trockner_leistung,0.0,2026-05-27T16:05:08.193Z
sensor.plug_sg3_wk_trockner_wk_trockner_leistung,189.4,2026-05-27T16:10:06.274Z
sensor.plug_sg3_wk_trockner_wk_trockner_leistung,179.3,2026-05-27T16:10:10.377Z
sensor.plug_sg3_wk_trockner_wk_trockner_leistung,141.5,2026-05-27T16:10:11.426Z
sensor.plug_sg3_wk_trockner_wk_trockner_leistung,3.4,2026-05-27T16:10:12.440Z
sensor.plug_sg3_wk_trockner_wk_trockner_leistung,0.0,2026-05-27T16:10:13.468Z
sensor.plug_sg3_wk_trockner_wk_trockner_leistung,350.0,2026-05-27T16:20:03.437Z
sensor.plug_sg3_wk_trockner_wk_trockner_leistung,182.5,2026-05-27T16:20:04.466Z
sensor.plug_sg3_wk_trockner_wk_trockner_leistung,133.1,2026-05-27T16:20:08.580Z
sensor.plug_sg3_wk_trockner_wk_trockner_leistung,2.8,2026-05-27T16:20:09.606Z
sensor.plug_sg3_wk_trockner_wk_trockner_leistung,0.0,2026-05-27T16:20:10.634Z
sensor.plug_sg3_wk_trockner_wk_trockner_leistung,221.2,2026-05-27T16:30:00.588Z
sensor.plug_sg3_wk_trockner_wk_trockner_leistung,237.6,2026-05-27T16:30:01.608Z
sensor.plug_sg3_wk_trockner_wk_trockner_leistung,176.8,2026-05-27T16:30:02.644Z
sensor.plug_sg3_wk_trockner_wk_trockner_leistung,36.2,2026-05-27T16:30:06.757Z
sensor.plug_sg3_wk_trockner_wk_trockner_leistung,0.0,2026-05-27T16:30:07.785Z
